"Class";"a1";"a2";"ID_Proto_1";"ID_Proto_2";"ID_Proto_Pair"
"1.0";0.3115720802932476;0.20683092509946058;2.0;0.0;5.0
"-1.0";0.6395694837291805;0.5096288565759232;0.0;1.0;2.0
"1.0";0.48208231102121046;0.08610650509277218;2.0;0.0;5.0
"-1.0";0.3430577800510659;0.758075565437388;0.0;2.0;5.0
"1.0";0.9580084942077179;0.18176413023736746;1.0;0.0;2.0
"1.0";0.8333028378426046;0.42304499595693035;1.0;0.0;2.0
"-1.0";0.6382531609186451;0.920196298643786;0.0;1.0;2.0
"-1.0";0.5117401816660135;0.7054915273634516;0.0;1.0;2.0
"1.0";0.8653578698445832;0.5991608544500142;1.0;0.0;2.0
"1.0";0.3575074878061972;0.12690257927060847;2.0;0.0;5.0
"-1.0";0.6642954476904958;0.9920203838802081;0.0;1.0;2.0
"1.0";0.02898147801441166;0.0902733897112333;2.0;0.0;5.0
"-1.0";0.34897822362374376;0.6528444424167272;0.0;2.0;5.0
"-1.0";0.5134300920199983;0.7527846260675779;0.0;1.0;2.0
"1.0";0.2664318913241287;0.33283700733956617;2.0;0.0;5.0
"-1.0";0.1723347903957729;0.8626364040108432;0.0;2.0;5.0
"1.0";0.9758573450617708;0.3927178070623777;1.0;0.0;2.0
"-1.0";0.24811099747323795;0.9073197721535436;0.0;2.0;5.0
"1.0";0.06762500587624895;0.13416373361621553;2.0;0.0;5.0
"-1.0";0.44403743203412976;0.4107338011007659;0.0;2.0;5.0
"-1.0";0.39413534865479505;0.738958595791727;0.0;2.0;5.0
"-1.0";0.2738740141074071;0.652706332797872;0.0;2.0;5.0
"-1.0";0.6288508127757574;0.43400937241586673;0.0;1.0;2.0
"1.0";0.9264049032313307;0.41018565450141725;1.0;0.0;2.0
"1.0";0.18617183827405379;0.4959360989103955;2.0;0.0;5.0
"1.0";0.20155395698240083;0.038807998219917074;2.0;0.0;5.0
"1.0";0.7931833431678385;0.0012616828887203253;1.0;0.0;2.0
"1.0";0.9322176009462227;0.8804377317413155;1.0;0.0;2.0
"1.0";0.6435982662987526;0.04706929730999728;1.0;0.0;2.0
"1.0";0.2240551860065212;0.380201280214425;2.0;0.0;5.0
"-1.0";0.3326928935962683;0.9487129220280774;0.0;2.0;5.0
"-1.0";0.825765907060314;0.892404885910652;0.0;1.0;2.0
"-1.0";0.32953609591972643;0.8371591054228597;0.0;2.0;5.0
"-1.0";0.6193596532060613;0.9182483907511026;0.0;1.0;2.0
"1.0";0.8181256359678716;0.20351287677550436;1.0;0.0;2.0
"1.0";0.6764151589730882;0.23946599042342454;1.0;0.0;2.0
"1.0";0.7589532832770415;0.2287955058500881;1.0;0.0;2.0
"-1.0";0.45638710341020977;0.47687876840817445;0.0;2.0;5.0
"1.0";0.23342984628460675;0.21644409771063647;2.0;0.0;5.0
"1.0";0.12685575104840918;0.28874026793669877;2.0;0.0;5.0
"-1.0";0.48510826350327285;0.3801902286987611;0.0;2.0;5.0
"1.0";0.10235650538823199;0.1667715671585141;2.0;0.0;5.0
"1.0";0.1492036451366162;0.05590495224388012;2.0;0.0;5.0
"-1.0";0.47047054864924104;0.6680492456165451;0.0;2.0;5.0
"1.0";0.12675870187976634;0.05975654277221791;2.0;0.0;5.0
"-1.0";0.6060193229653597;0.8563276072681165;0.0;1.0;2.0
"1.0";0.4074639942971659;0.1807941040902048;2.0;0.0;5.0
"1.0";0.9796206956922671;0.3660017233402463;1.0;0.0;2.0
"-1.0";0.7340278642100078;0.7685263788632469;0.0;1.0;2.0
"-1.0";0.2882178271777457;0.5615146665624992;0.0;2.0;5.0
"1.0";0.7798933071950828;0.33877786132557497;1.0;0.0;2.0
"1.0";0.2279424948945283;0.2902904081214483;2.0;0.0;5.0
"1.0";0.9631387915655597;0.13877343844668238;1.0;0.0;2.0
"1.0";0.9058045346724269;0.8081636614954895;1.0;0.0;2.0
"1.0";0.18736375147483114;0.6590576691330247;2.0;0.0;5.0
"-1.0";0.4566538231968498;0.7103411050814085;0.0;2.0;5.0
"1.0";0.05905552480877466;0.6132016605471585;2.0;0.0;5.0
"1.0";0.3284711232808012;0.17522501458647155;2.0;0.0;5.0
"-1.0";0.3476417457444027;0.6778190737461179;0.0;2.0;5.0
"1.0";0.16093810051307753;0.46672253417175713;2.0;0.0;5.0
"1.0";0.03551067883516063;0.9849628528030846;2.0;0.0;5.0
"1.0";0.3122682431743395;0.33031691445486205;2.0;0.0;5.0
"1.0";0.8204746399640757;0.6263640400863385;1.0;0.0;2.0
"1.0";0.19521287731421216;0.1200300097286186;2.0;0.0;5.0
"1.0";0.5117708344409541;0.0163013648154272;1.0;0.0;2.0
"1.0";0.041619445008991944;0.43775499633993725;2.0;0.0;5.0
"1.0";0.13392210868136528;0.2536131546183093;2.0;0.0;5.0
"1.0";0.07722356855276738;0.7506719361758224;2.0;0.0;5.0
"1.0";0.16113965463664637;0.46591526004994926;2.0;0.0;5.0
"-1.0";0.3504970889284357;0.6954467059708148;0.0;2.0;5.0
"-1.0";0.42880281465434494;0.5128581706835649;0.0;2.0;5.0
"1.0";0.7810139382928407;0.5113452841140735;1.0;0.0;2.0
"1.0";0.15511441378189839;0.6742822897765541;2.0;0.0;5.0
"-1.0";0.5769514103235325;0.7514560590362155;0.0;1.0;2.0
"1.0";0.9151659216654071;0.35590744462554447;1.0;0.0;2.0
"1.0";0.1890628890624974;0.6185634734697558;2.0;0.0;5.0
"1.0";0.17342582640524512;0.6085820325955892;2.0;0.0;5.0
"1.0";0.8192632689650848;0.5675217906955525;1.0;0.0;2.0
"1.0";0.7117369012426497;0.19829591250835238;1.0;0.0;2.0
"1.0";0.9309460556720228;0.8634407693527179;1.0;0.0;2.0
"-1.0";0.7429977539125052;0.9231824090959272;0.0;1.0;2.0
"1.0";0.2145041770761712;0.017303309071252448;2.0;0.0;5.0
"1.0";0.14247943343386651;0.3056549461849244;2.0;0.0;5.0
"-1.0";0.4259216142901585;0.6882393208572706;0.0;2.0;5.0
"1.0";0.06734046768897398;0.9886290473071867;2.0;0.0;5.0
"1.0";0.14268828854367033;0.5592815207978448;2.0;0.0;5.0
"1.0";0.8166850061134449;0.3578314620923509;1.0;0.0;2.0
"1.0";0.9629357543721566;0.4717117578729637;1.0;0.0;2.0
"1.0";0.10144673398739688;0.7101624514949855;2.0;0.0;5.0
"-1.0";0.46526831472060987;0.5855759090416199;0.0;2.0;5.0
"1.0";0.5727719915364081;0.09154656237469797;1.0;0.0;2.0
"-1.0";0.4971042272898921;0.6589911628581054;0.0;2.0;5.0
"1.0";0.9321118664569525;0.22482817464734528;1.0;0.0;2.0
"1.0";0.8571989211209596;0.4545134292442747;1.0;0.0;2.0
"1.0";0.8112375027988281;0.23678226638979796;1.0;0.0;2.0
"1.0";0.9647594645789902;0.8636546784541191;1.0;0.0;2.0
"-1.0";0.7338797542212637;0.9970442497296873;0.0;1.0;2.0
"1.0";0.008284576895256327;0.6969777957650568;2.0;0.0;5.0
"1.0";0.8998611180919975;0.5852915075755873;1.0;0.0;2.0
"1.0";0.8401627842574477;0.6798311307812491;1.0;0.0;2.0
"1.0";0.2454837965494653;0.4244332672514456;2.0;0.0;5.0
"1.0";0.25075582262769336;0.2791095132049657;2.0;0.0;5.0
"1.0";0.09406910918305289;0.23785883859669507;2.0;0.0;5.0
"-1.0";0.39022985296365464;0.46246171989215507;0.0;2.0;5.0
"1.0";0.0299990352243574;0.329651980131261;2.0;0.0;5.0
"1.0";0.9173037705501161;0.3368474395718313;1.0;0.0;2.0
"-1.0";0.5788941073341566;0.8152477696259736;0.0;1.0;2.0
"-1.0";0.49337671687455403;0.43130965006517785;0.0;2.0;5.0
"1.0";0.5188586617242742;0.046985481176263014;1.0;0.0;2.0
"-1.0";0.3912097668627636;0.7536844466738446;0.0;2.0;5.0
"-1.0";0.42690331484079475;0.38491570738368686;0.0;2.0;5.0
"1.0";0.9526689203623405;0.980920008567025;1.0;0.0;2.0
"1.0";0.8980422165703054;0.517456546917198;1.0;0.0;2.0
"1.0";0.24003634918309869;0.04350270923005027;2.0;0.0;5.0
"-1.0";0.26355430150112763;0.6045131614151487;0.0;2.0;5.0
"1.0";0.6781856183012254;0.19748570047626296;1.0;0.0;2.0
"1.0";0.10623699108610013;0.8188696332245422;2.0;0.0;5.0
"1.0";0.923661951633051;0.01965901217215199;1.0;0.0;2.0
"1.0";0.6515449891852425;0.12329276779745585;1.0;0.0;2.0
"1.0";0.9637902483087295;0.10706891868381717;1.0;0.0;2.0
"-1.0";0.7844116785823583;0.9053726835759572;0.0;1.0;2.0
"-1.0";0.4176857275565881;0.9611394524563246;0.0;2.0;5.0
"1.0";0.04882251169238194;0.9386124755403442;2.0;0.0;5.0
"1.0";0.9532738710113732;0.6175854333225881;1.0;0.0;2.0
"1.0";0.06478294614547216;0.7505375079417966;2.0;0.0;5.0
"1.0";0.0915025467056842;0.248399549620393;2.0;0.0;5.0
"-1.0";0.630965578156373;0.4316964791914151;0.0;1.0;2.0
"-1.0";0.22601248996927828;0.8212133167770559;0.0;2.0;5.0
"-1.0";0.38237012889762834;0.45066856952250756;0.0;2.0;5.0
"-1.0";0.2331258971513355;0.983611054227811;0.0;2.0;5.0
"1.0";0.4175145622720175;0.10008470193839192;2.0;0.0;5.0
"-1.0";0.6359154572547159;0.6515146608124628;0.0;1.0;2.0
"-1.0";0.5824934092751279;0.6259532538730981;0.0;1.0;2.0
"1.0";0.6996739959297358;0.18916685412299852;1.0;0.0;2.0
"-1.0";0.4783242997535317;0.4307427842068863;0.0;2.0;5.0
"1.0";0.039663405629877156;0.6436935839411446;2.0;0.0;5.0
"1.0";0.0010689198535426998;0.546070513471231;2.0;0.0;5.0
"-1.0";0.6003347693232737;0.9983278892965365;0.0;1.0;2.0
"1.0";0.47644942044804434;0.17960746281142018;2.0;0.0;5.0
"1.0";0.8679262125765405;0.6026941449866786;1.0;0.0;2.0
"-1.0";0.4886291373001808;0.8061098087214867;0.0;2.0;5.0
"1.0";0.8914694718147194;0.30818119277494255;1.0;0.0;2.0
"-1.0";0.6931988031225466;0.6571327659861863;0.0;1.0;2.0
"1.0";0.5136110735731957;0.02597088370562836;1.0;0.0;2.0
"-1.0";0.5273913860021435;0.6321731371603275;0.0;1.0;2.0
"1.0";0.7145676946004;0.21296242013823607;1.0;0.0;2.0
"1.0";0.9943343743498325;0.09922580925863847;1.0;0.0;2.0
"1.0";0.8061270142718876;0.45856576934860943;1.0;0.0;2.0
"1.0";0.8833617990385868;0.3138925361073017;1.0;0.0;2.0
"1.0";0.3772180913071856;0.22360515907104153;2.0;0.0;5.0
"-1.0";0.4963760556277239;0.4172889882177871;0.0;1.0;2.0
"1.0";0.709892065548231;0.13591962186927845;1.0;0.0;2.0
"-1.0";0.5660568715002909;0.6359169410486659;0.0;1.0;2.0
"1.0";0.05294595573809923;0.9108334680749869;2.0;0.0;5.0
"1.0";0.9324547303218751;0.6406561417309808;1.0;0.0;2.0
"1.0";0.2729647055738256;0.34115221359097003;2.0;0.0;5.0
"1.0";0.8064544389024334;0.2535727823534193;1.0;0.0;2.0
"1.0";0.7062231845724504;0.25507528773735616;1.0;0.0;2.0
"-1.0";0.6363511863458641;0.4394075046508086;0.0;1.0;2.0
"1.0";0.22142053234940995;0.20152405030921272;2.0;0.0;5.0
"-1.0";0.7932713413006639;0.9248792975500055;0.0;1.0;2.0
"1.0";0.01680033578324349;0.6703695319070363;2.0;0.0;5.0
"-1.0";0.7241570164200064;0.7697426339537276;0.0;1.0;2.0
"1.0";0.6207289846164908;0.2374507265250574;1.0;0.0;2.0
"1.0";0.017950190698386822;0.21262377409344996;2.0;0.0;5.0
"1.0";0.7207270918325065;0.4079513812848097;1.0;0.0;2.0
"1.0";0.1352149206225226;0.7754689048463055;2.0;0.0;5.0
"1.0";0.7573885648068267;0.4401252467498323;1.0;0.0;2.0
"1.0";0.8335530700862056;0.3079239292323908;1.0;0.0;2.0
"-1.0";0.6656480761851763;0.8388813867523327;0.0;1.0;2.0
"-1.0";0.6610174504680453;0.6649680594171559;0.0;1.0;2.0
"1.0";0.9499420574509017;0.8022937631715354;1.0;0.0;2.0
"1.0";0.02129688451335385;0.6832643470750752;2.0;0.0;5.0
"1.0";0.7726599542643856;0.3801717537334906;1.0;0.0;2.0
"1.0";0.17959329127169452;0.5836114084301862;2.0;0.0;5.0
"-1.0";0.709708298898912;0.8838761089961911;0.0;1.0;2.0
"1.0";0.1137938179653409;0.6832722757567268;2.0;0.0;5.0
"-1.0";0.7384338034875461;0.9873190047799534;0.0;1.0;2.0
"1.0";0.8574849714570829;0.10069258051459576;1.0;0.0;2.0
"1.0";0.7962138314618652;0.3944098564030294;1.0;0.0;2.0
"-1.0";0.774240164820602;0.7434853573106229;0.0;1.0;2.0
"-1.0";0.6987759400796064;0.785116375066207;0.0;1.0;2.0
"1.0";0.7638648328245145;0.143392765988397;1.0;0.0;2.0
"1.0";0.2416218685349562;0.32813917118557806;2.0;0.0;5.0
"-1.0";0.32529413408245994;0.8098780046357842;0.0;2.0;5.0
"-1.0";0.14569867840741013;0.9825041887079237;0.0;2.0;5.0
"1.0";0.820855309538854;0.09379085072090956;1.0;0.0;2.0
"1.0";0.02564436748709649;0.6176119655086227;2.0;0.0;5.0
"1.0";0.07401695709632354;0.5074232170422508;2.0;0.0;5.0
"1.0";0.6452196093677689;0.14461553117437775;1.0;0.0;2.0
"-1.0";0.24633941141926724;0.9668664261600348;0.0;2.0;5.0
"1.0";0.8919083566366991;0.229065384702855;1.0;0.0;2.0
"-1.0";0.6151445321546827;0.8926852356574153;0.0;1.0;2.0
"1.0";0.11659673933486697;0.5893457523725285;2.0;0.0;5.0
"-1.0";0.36845862342237024;0.731014769904178;0.0;2.0;5.0
"1.0";0.9706451117604052;0.8331476739810367;1.0;0.0;2.0
"-1.0";0.4584552263745965;0.6767445901661626;0.0;2.0;5.0
"1.0";0.9065720214377573;0.7077807305388842;1.0;0.0;2.0
"-1.0";0.3971638846742234;0.6003988632166551;0.0;2.0;5.0
"-1.0";0.42339514829795866;0.5323003897202303;0.0;2.0;5.0
"1.0";0.3798825441948927;0.1600434232426194;2.0;0.0;5.0
"1.0";0.9771702160873698;0.9524588460591263;1.0;0.0;2.0
"-1.0";0.7351674432428468;0.6412534961083205;0.0;1.0;2.0
"1.0";0.15380686858530507;0.18874587622453803;2.0;0.0;5.0
"1.0";0.0931072705919305;0.21702454279703218;2.0;0.0;5.0
"1.0";0.15150357812429247;0.36510806713983673;2.0;0.0;5.0
"-1.0";0.7102844505933668;0.7718238066771751;0.0;1.0;2.0
"-1.0";0.49858901328091265;0.39348138048258663;0.0;1.0;2.0
"1.0";1.0;0.08391879057436948;1.0;0.0;2.0
"-1.0";0.5282666649076625;0.5322711690444483;0.0;1.0;2.0
"1.0";0.21412863115505312;0.0025575597366383463;2.0;0.0;5.0
"1.0";0.5997628154609047;0.10721685196250776;1.0;0.0;2.0
"-1.0";0.37692393255466455;0.6919744654113327;0.0;2.0;5.0
"1.0";0.0015339707269118126;0.7148811526839755;2.0;0.0;5.0
"1.0";0.7590996188265077;0.01010287464318917;1.0;0.0;2.0
"1.0";0.1982390823569474;0.25865467096089717;2.0;0.0;5.0
"1.0";0.4201768339783133;0.04834332097809272;2.0;0.0;5.0
"1.0";0.02465749472368967;0.14812838935012462;2.0;0.0;5.0
"1.0";0.7937440009342821;0.5818073167834857;1.0;0.0;2.0
"1.0";0.9440169290811816;0.6655850374774447;1.0;0.0;2.0
"1.0";0.9877221299871433;0.6715877053060214;1.0;0.0;2.0
"1.0";0.33485128774766193;0.0710124436764836;2.0;0.0;5.0
"1.0";0.23475820602492609;0.32304138706038366;2.0;0.0;5.0
"1.0";0.6145899446770489;0.23057980818473645;1.0;0.0;2.0
"1.0";0.8679048054159059;0.18739897589851645;1.0;0.0;2.0
"-1.0";0.30285571416706114;0.812875271064796;0.0;2.0;5.0
"-1.0";0.42376193953341573;0.8098883956277229;0.0;2.0;5.0
"-1.0";0.45380926689339907;0.35820082851577917;0.0;2.0;5.0
"1.0";0.21836393287586023;0.09631747806385392;2.0;0.0;5.0
"1.0";0.2174780423509325;0.31814485608311843;2.0;0.0;5.0
"1.0";0.8409233665499054;0.43931002588855333;1.0;0.0;2.0
"1.0";0.5553678177314096;0.02489631733038253;1.0;0.0;2.0
"1.0";0.4036342692130692;0.18352675136322147;2.0;0.0;5.0
"1.0";0.2911005991872035;0.36598457677268625;2.0;0.0;5.0
"-1.0";0.22491332724770532;0.9850139112265489;0.0;2.0;5.0
"1.0";0.6545387766655315;0.1755834167370589;1.0;0.0;2.0
"-1.0";0.5816447889785475;0.914976164096975;0.0;1.0;2.0
"-1.0";0.747129441381505;0.8292905409609895;0.0;1.0;2.0
"-1.0";0.4217928841157487;0.7495098398713617;0.0;2.0;5.0
"1.0";0.8427808331571753;0.3243405353201811;1.0;0.0;2.0
"1.0";0.055825643354826884;0.10689026381948652;2.0;0.0;5.0
"1.0";0.4750596815857514;0.12038744569522475;2.0;0.0;5.0
"1.0";0.30188935052403765;0.10300660396791178;2.0;0.0;5.0
"1.0";0.12869384456893596;0.6813460341163257;2.0;0.0;5.0
"-1.0";0.761760459103399;0.9481219419178549;0.0;1.0;2.0
"-1.0";0.7053013855070694;0.8440232913020873;0.0;1.0;2.0
"-1.0";0.5305722902739889;0.7363653767414;0.0;1.0;2.0
"1.0";0.22891221410499463;0.07925313443430902;2.0;0.0;5.0
"-1.0";0.49460151413087855;0.4651283342152252;0.0;2.0;5.0
"1.0";0.5412138949970989;0.13032396885663589;1.0;0.0;2.0
"-1.0";0.628199407665762;0.52100476280273;0.0;1.0;2.0
"-1.0";0.4522704740902433;0.7628438815862381;0.0;2.0;5.0
"1.0";0.41575981264609496;0.0932412523869852;2.0;0.0;5.0
"-1.0";0.4696655057928221;0.6231069068763954;0.0;2.0;5.0
"1.0";0.10469392822301636;0.35125679362767614;2.0;0.0;5.0
"-1.0";0.16161303556575204;0.9487570725349193;0.0;2.0;5.0
"1.0";0.13803823312829416;0.3155810204504386;2.0;0.0;5.0
"1.0";0.864457742790499;0.39525766526722345;1.0;0.0;2.0
"1.0";0.9486543170793951;0.8597127965778444;1.0;0.0;2.0
"1.0";0.14804273104756127;0.4946207757264257;2.0;0.0;5.0
"-1.0";0.605785284978057;0.9702469130687452;0.0;1.0;2.0
"1.0";0.20932059040706405;0.23150922940074622;2.0;0.0;5.0
"-1.0";0.19765219243323565;0.8732590821284111;0.0;2.0;5.0
"-1.0";0.49377189660272525;0.7685555551149473;0.0;2.0;5.0
"-1.0";0.6174453805723464;0.5252488741465299;0.0;1.0;2.0
"-1.0";0.26328583341440365;0.8060154814483281;0.0;2.0;5.0
"1.0";0.8868106157792776;0.8238994134547523;1.0;0.0;2.0
"1.0";0.048293049199355315;0.7201192961281095;2.0;0.0;5.0
"1.0";0.9628363003814562;0.5709828830358323;1.0;0.0;2.0
"1.0";0.07496662572732657;0.532554636413481;2.0;0.0;5.0
"1.0";0.007455258301856325;0.7565652830201344;2.0;0.0;5.0
"1.0";0.8715019148288013;0.19068507495323445;1.0;0.0;2.0
"-1.0";0.533215702884065;0.4263620160878676;0.0;1.0;2.0
"-1.0";0.6900013704495861;0.5436082703493611;0.0;1.0;2.0
"-1.0";0.4708455710060371;0.7852442553751121;0.0;2.0;5.0
"-1.0";0.5815391617527994;0.9124295665743823;0.0;1.0;2.0
"1.0";0.9339110791036543;0.005600205203227169;1.0;0.0;2.0
"1.0";0.18683296873316924;0.43366445248439967;2.0;0.0;5.0
"-1.0";0.22211708509204653;0.7012062490883988;0.0;2.0;5.0
"1.0";0.9384094168189481;0.7164968317371969;1.0;0.0;2.0
"1.0";0.03219888409642915;0.5083165336641187;2.0;0.0;5.0
"-1.0";0.39509326525027927;0.5801736415792877;0.0;2.0;5.0
"1.0";0.28374828882178615;0.18508513666842022;2.0;0.0;5.0
"1.0";0.6745161550796428;0.10446525371656068;1.0;0.0;2.0
"1.0";0.07869324711007204;0.7392034184099012;2.0;0.0;5.0
"1.0";0.6710115061922116;0.323652086866875;1.0;0.0;2.0
"1.0";0.010501122040336692;0.540028245858461;2.0;0.0;5.0
"1.0";0.03364726152992566;0.4531151641486847;2.0;0.0;5.0
"-1.0";0.5524748847439096;0.4329286194614637;0.0;1.0;2.0
"1.0";0.005023697751621526;0.6667581845093156;2.0;0.0;5.0
"1.0";0.5141695021725562;0.016638593759533603;1.0;0.0;2.0
"1.0";0.3144083005964648;0.32936732034302074;2.0;0.0;5.0
"-1.0";0.2553087095805486;0.8370190943406771;0.0;2.0;5.0
"1.0";0.8667477108904524;0.17190451222286302;1.0;0.0;2.0
"-1.0";0.6806136061788997;0.945830829295781;0.0;1.0;2.0
"1.0";0.05719639283655457;0.8854077837262337;2.0;0.0;5.0
"-1.0";0.26854730332195426;0.6810301607603989;0.0;2.0;5.0
"1.0";0.9144890453396624;0.32014030431407114;1.0;0.0;2.0
"-1.0";0.4106403472003036;0.989976582070733;0.0;2.0;5.0
"1.0";0.9771555547270799;0.9612527953605555;1.0;0.0;2.0
"1.0";0.8874530014102451;0.51772006198671;1.0;0.0;2.0
"1.0";0.10770519284813783;0.009551365537074832;2.0;0.0;5.0
"-1.0";0.5707470195922809;0.5215878535932571;0.0;1.0;2.0
"1.0";0.7871983131058228;0.3923244665929489;1.0;0.0;2.0
"1.0";0.20516183680716896;0.28185023993986036;2.0;0.0;5.0
"1.0";0.6737075924240217;0.027875996697042302;1.0;0.0;2.0
"-1.0";0.7002399304141483;0.7891008395278445;0.0;1.0;2.0
"1.0";0.4016668712890876;0.15211222159041243;2.0;0.0;5.0
"1.0";0.8917742827016752;0.4139669516215641;1.0;0.0;2.0
"-1.0";0.3466979285895296;0.7355594188372448;0.0;2.0;5.0
"1.0";0.8748644262342229;0.48222757752434714;1.0;0.0;2.0
"1.0";0.08644096572308425;0.6098146202720844;2.0;0.0;5.0
"-1.0";0.5837298194173257;0.7677690007951239;0.0;1.0;2.0
"1.0";0.8684936592581413;0.24437617193433286;1.0;0.0;2.0
"-1.0";0.3490140489566342;0.46285893028673886;0.0;2.0;5.0
"1.0";0.8780666797771505;0.469166275422816;1.0;0.0;2.0
"-1.0";0.32374395170663395;0.8907886805591143;0.0;2.0;5.0
"-1.0";0.7166636419572344;0.5813876372490249;0.0;1.0;2.0
"1.0";0.8008903856060473;0.3382805147678277;1.0;0.0;2.0
"-1.0";0.3384710336672848;0.46613146995695853;0.0;2.0;5.0
"1.0";0.04683280057856197;0.3837158565241707;2.0;0.0;5.0
"1.0";0.6503370857987294;0.2267484423893256;1.0;0.0;2.0
"1.0";0.18984403476516606;0.03105262998852995;2.0;0.0;5.0
"-1.0";0.2823147846134569;0.5935732444446989;0.0;2.0;5.0
"1.0";0.9459990879638567;0.8335130926651576;1.0;0.0;2.0
"1.0";0.7261259867537326;0.33735989686261625;1.0;0.0;2.0
"1.0";0.1322883494514337;0.1569736408632289;2.0;0.0;5.0
"1.0";0.1730163893881158;0.13647702865484468;2.0;0.0;5.0
"1.0";0.6386403599684803;0.007898732330901015;1.0;0.0;2.0
"-1.0";0.4949596475991915;0.4676117817134617;0.0;2.0;5.0
"1.0";0.12350594007061755;0.28458454701275043;2.0;0.0;5.0
"-1.0";0.4479245198486494;0.4415448065393672;0.0;2.0;5.0
"1.0";0.13516850365041355;0.7667814786878587;2.0;0.0;5.0
"-1.0";0.6602490885034563;0.4781625203242446;0.0;1.0;2.0
"-1.0";0.5110368585856618;0.40730964970644107;0.0;1.0;2.0
"1.0";0.23712864750937102;0.35223750676973625;2.0;0.0;5.0
"-1.0";0.2017692975361102;0.8351175882751818;0.0;2.0;5.0
"-1.0";0.4109618157661843;0.9970389434466663;0.0;2.0;5.0
"1.0";0.13116699518522446;0.5171039395109887;2.0;0.0;5.0
"1.0";0.9437851579607726;0.32507083284255867;1.0;0.0;2.0
"-1.0";0.6480943732135569;0.5752295960123444;0.0;1.0;2.0
"1.0";0.2263266019318067;0.4517086247838841;2.0;0.0;5.0
"1.0";0.07486544139947003;0.87756201630555;2.0;0.0;5.0
"-1.0";0.2314785237348236;0.7645875779422747;0.0;2.0;5.0
"1.0";0.3025093366227607;0.13213188133661816;2.0;0.0;5.0
"1.0";0.4705931745656301;0.11374021465470202;2.0;0.0;5.0
"1.0";0.7032783372106874;0.29335264366034425;1.0;0.0;2.0
"1.0";0.07602772665829245;0.5859244201620546;2.0;0.0;5.0
"-1.0";0.3891263105122019;0.9582676361511032;0.0;2.0;5.0
"1.0";0.8343914126686751;0.45650784845539605;1.0;0.0;2.0
"1.0";0.19066737202862147;0.16977808667531302;2.0;0.0;5.0
"1.0";0.12105661229101485;0.726107491279102;2.0;0.0;5.0
"-1.0";0.1844869805676513;0.8168967546819942;0.0;2.0;5.0
"-1.0";0.5356384495295843;0.8914410036355292;0.0;1.0;2.0
"-1.0";0.25763369464455654;0.761008509200965;0.0;2.0;5.0
"1.0";0.8823025578818106;0.043183769728636;1.0;0.0;2.0
"-1.0";0.5068111428848259;0.4768815303866584;0.0;1.0;2.0
"1.0";0.10126067012217095;0.8405740751589779;2.0;0.0;5.0
"1.0";0.8723648125352734;0.7936088532162566;1.0;0.0;2.0
"1.0";0.8079683762045988;4.373825237568193E-4;1.0;0.0;2.0
"-1.0";0.29379002357606177;0.9946562172741393;0.0;2.0;5.0
"1.0";0.12373935831191224;0.4550661609012559;2.0;0.0;5.0
"-1.0";0.5610099950556735;0.9796332804009051;0.0;1.0;2.0
"-1.0";0.32262297726541256;0.5198264091874426;0.0;2.0;5.0
"1.0";0.3238071402888834;0.2772850538597665;2.0;0.0;5.0
"1.0";0.03000041518856601;0.6696806926847084;2.0;0.0;5.0
"-1.0";0.6975713165800369;0.5712043868548431;0.0;1.0;2.0
"-1.0";0.5923622460190872;0.8441716469751891;0.0;1.0;2.0
"1.0";0.7936843205796168;0.38246367597352615;1.0;0.0;2.0
"-1.0";0.23592637889871493;0.7736966717476089;0.0;2.0;5.0
"1.0";0.9474202381122541;0.46382576453606184;1.0;0.0;2.0
"1.0";0.21428213032080204;0.5770844640488344;2.0;0.0;5.0
"1.0";0.33862056499843535;0.06830212312860487;2.0;0.0;5.0
"1.0";0.7988663425355177;0.37104151865924767;1.0;0.0;2.0
"1.0";0.14128080670736728;0.7944394756259108;2.0;0.0;5.0
"-1.0";0.42155251269987365;0.7397980579305583;0.0;2.0;5.0
"-1.0";0.5054156253382002;0.369246501192426;0.0;1.0;2.0
"-1.0";0.5580343769259618;0.47335835111611363;0.0;1.0;2.0
"1.0";0.9540267930955827;0.8736185149953535;1.0;0.0;2.0
"1.0";0.2079316633154843;0.32893859598867836;2.0;0.0;5.0
"-1.0";0.8031253297691281;0.9273032856361949;0.0;1.0;2.0
"1.0";0.19617515691402457;0.3044380551269008;2.0;0.0;5.0
"1.0";0.22090481106446314;0.3666580688961526;2.0;0.0;5.0
"1.0";0.360129393082437;0.17591612759397898;2.0;0.0;5.0
"-1.0";0.7061763807442993;0.8836262690231884;0.0;1.0;2.0
"-1.0";0.31880442098083456;0.8301962317455711;0.0;2.0;5.0
"1.0";0.5438505498678977;0.10316165392080824;1.0;0.0;2.0
"1.0";0.19651363785403445;0.3111342306427651;2.0;0.0;5.0
"-1.0";0.3826436622173508;0.9775519452623795;0.0;2.0;5.0
"-1.0";0.6824727815486944;0.7912575173510759;0.0;1.0;2.0
"1.0";0.16285421573613312;0.3636561027797051;2.0;0.0;5.0
"1.0";0.8470766252782626;0.5934898335630279;1.0;0.0;2.0
"-1.0";0.24389877936368798;0.8687681402784274;0.0;2.0;5.0
"-1.0";0.38136659798608896;0.7497805490358135;0.0;2.0;5.0
"1.0";0.26720021309552244;0.4040004567333597;2.0;0.0;5.0
"1.0";0.8199264594330918;0.4969725926067542;1.0;0.0;2.0
"1.0";0.5433258557297279;0.12275248002140186;1.0;0.0;2.0
"1.0";0.7380801009038572;0.4320522936617043;1.0;0.0;2.0
"1.0";0.8703380973417075;0.05986185571492218;1.0;0.0;2.0
"1.0";0.2718703387898068;0.0018089417864779833;2.0;0.0;5.0
"1.0";0.043310782005116386;0.3947240471800172;2.0;0.0;5.0
"1.0";0.265195835958284;0.4500890038231454;2.0;0.0;5.0
"-1.0";0.7003948937204088;0.5837136838729615;0.0;1.0;2.0
"1.0";0.12121804455466867;0.023106750215707794;2.0;0.0;5.0
"1.0";0.8212933650794723;0.3939365482672077;1.0;0.0;2.0
"1.0";0.5845976477318358;0.16816528023209715;1.0;0.0;2.0
"1.0";0.7347769830747294;0.31046739321270644;1.0;0.0;2.0
"1.0";0.8910374205304322;0.30452566556385025;1.0;0.0;2.0
"1.0";0.9261619484078993;0.14650015204691086;1.0;0.0;2.0
"1.0";0.3273630272723261;0.00822042524990603;2.0;0.0;5.0
"1.0";0.8956696373450925;0.2925112352941203;1.0;0.0;2.0
"1.0";0.8838945253774436;0.589177209279538;1.0;0.0;2.0
"1.0";0.029544936856159623;0.8887415081791803;2.0;0.0;5.0
"1.0";0.07947402882524993;0.03406303782811609;2.0;0.0;5.0
"1.0";0.939015320459752;0.9179958064434249;1.0;0.0;2.0
"-1.0";0.7194497413013494;0.6477994361653086;0.0;1.0;2.0
"-1.0";0.6656768619087807;0.6608794701521141;0.0;1.0;2.0
"1.0";0.27306074270640673;0.12375756321894699;2.0;0.0;5.0
"1.0";0.14382126744526352;0.7048794217247272;2.0;0.0;5.0
"-1.0";0.6068982653677971;0.7227236882674806;0.0;1.0;2.0
"1.0";0.33176198935374623;0.14868254839682354;2.0;0.0;5.0
"1.0";0.9641994893278217;0.47954086039086335;1.0;0.0;2.0
"-1.0";0.32667296343839375;0.6413700542425487;0.0;2.0;5.0
"-1.0";0.7167356378111256;0.8057822650586154;0.0;1.0;2.0
"-1.0";0.602155976919753;0.89773509287999;0.0;1.0;2.0
"1.0";0.7456601349642604;0.36778886641646824;1.0;0.0;2.0
"1.0";0.09402490689606055;0.6123756814205698;2.0;0.0;5.0
"1.0";0.8920886042116302;0.2211941585095234;1.0;0.0;2.0
"1.0";0.825314849000931;0.36345741604166965;1.0;0.0;2.0
"1.0";0.9986694189924988;0.0037658926848354347;1.0;0.0;2.0
"1.0";0.4383004014462546;0.033698248558401686;2.0;0.0;5.0
"-1.0";0.44392730082236914;0.3728785215919682;0.0;2.0;5.0
"-1.0";0.6918587999363109;0.9250765463492707;0.0;1.0;2.0
"1.0";0.9151239345665919;0.6199365499862132;1.0;0.0;2.0
"1.0";0.3860216550706445;0.07263985589749193;2.0;0.0;5.0
"-1.0";0.5133667730788529;0.84784869576829;0.0;1.0;2.0
"1.0";0.17651195025498562;0.18275446426093986;2.0;0.0;5.0
"-1.0";0.5709128760657914;0.7323957523740438;0.0;1.0;2.0
"1.0";0.9134541493997025;0.1564701190197244;1.0;0.0;2.0
"1.0";0.20580928263121095;0.3103295427358142;2.0;0.0;5.0
"-1.0";0.4530133752462979;0.9787227386964965;0.0;2.0;5.0
"-1.0";0.351589278154276;0.9134782098778306;0.0;2.0;5.0
"1.0";0.28583061613969146;0.24656490092527975;2.0;0.0;5.0
"1.0";0.9775271623275794;0.42775576544541644;1.0;0.0;2.0
"1.0";0.944865318345277;0.9978600714141707;1.0;0.0;2.0
"1.0";0.24066976556106695;0.17591959728513387;2.0;0.0;5.0
"-1.0";0.4270985070925232;0.7522635748322001;0.0;2.0;5.0
"1.0";0.2623996585354665;0.3323727525847268;2.0;0.0;5.0
"1.0";0.9564257887968866;0.81313389678941;1.0;0.0;2.0
"-1.0";0.5989316778344494;0.5085849227851018;0.0;1.0;2.0
"1.0";0.9580695779355142;0.023911231608608606;1.0;0.0;2.0
"-1.0";0.352999977893191;0.5686522600957394;0.0;2.0;5.0
"1.0";0.027393397495751003;0.254574501333646;2.0;0.0;5.0
"1.0";0.8759161280687436;0.41842529351473534;1.0;0.0;2.0
"1.0";0.92930086826381;0.6579780993798124;1.0;0.0;2.0
"1.0";0.2338029378416182;0.5020362875636118;2.0;0.0;5.0
"1.0";0.1422578687890477;0.4330355914933559;2.0;0.0;5.0
"1.0";0.5770927238438168;0.18554392772190778;1.0;0.0;2.0
"-1.0";0.501908234979067;0.7987422330670257;0.0;1.0;2.0
"1.0";0.2485443091745513;0.4772118158998507;2.0;0.0;5.0
"-1.0";0.33900126966074134;0.7782766059193966;0.0;2.0;5.0
"-1.0";0.6681992447969938;0.573146778246421;0.0;1.0;2.0
"1.0";0.8526926607701489;0.10334923645353018;1.0;0.0;2.0
"1.0";0.08804837697528473;0.27534072186735675;2.0;0.0;5.0
"-1.0";0.56904880133638;0.9220598309345904;0.0;1.0;2.0
"-1.0";0.3998826844912837;0.703093599148841;0.0;2.0;5.0
"1.0";0.21189417166330266;0.26684101897386886;2.0;0.0;5.0
"1.0";0.863558048516945;0.6332353767849224;1.0;0.0;2.0
"1.0";0.11587323071204758;0.7317616617966861;2.0;0.0;5.0
"-1.0";0.6026536948610614;0.8541775726331904;0.0;1.0;2.0
"-1.0";0.792009814755548;0.7654329184966774;0.0;1.0;2.0
"-1.0";0.3135148882292358;0.9989309761500369;0.0;2.0;5.0
"1.0";0.8313980444548402;0.24395973588890688;1.0;0.0;2.0
"1.0";0.9205150626162059;0.6829263806085119;1.0;0.0;2.0
"1.0";0.09168502275243491;0.49911519932984894;2.0;0.0;5.0
"1.0";0.8220462248285632;0.5361607453762719;1.0;0.0;2.0
"-1.0";0.28114492721074036;0.9468470944063261;0.0;2.0;5.0
"1.0";0.02366278973895675;0.7404317335691146;2.0;0.0;5.0
"1.0";0.14190151893719086;0.7798629923045173;2.0;0.0;5.0
"1.0";0.4014806363827909;0.13317187720089435;2.0;0.0;5.0
"-1.0";0.2748131592429986;0.8285463295251055;0.0;2.0;5.0
"1.0";0.9989315653404576;0.5059560454080558;1.0;0.0;2.0
"1.0";0.9176951377787929;0.4332011601292966;1.0;0.0;2.0
"-1.0";0.493307270637497;0.3647419059760694;0.0;2.0;5.0
"1.0";0.09340738288559523;0.13152588445951188;2.0;0.0;5.0
"1.0";0.6671858857794979;0.19445651936403513;1.0;0.0;2.0
"1.0";0.36909144810179784;0.10795189207648721;2.0;0.0;5.0
"1.0";0.8609914066476521;0.3665439537195181;1.0;0.0;2.0
"1.0";0.018183743324881846;0.4859622257289167;2.0;0.0;5.0
"-1.0";0.23730972579431975;0.7615194586539236;0.0;2.0;5.0
"1.0";0.7230091561418074;0.2607529666388452;1.0;0.0;2.0
"1.0";0.28883966873482875;0.2371671374700837;2.0;0.0;5.0
"1.0";0.10307584284485254;0.3587667302475587;2.0;0.0;5.0
"1.0";0.8199995592758405;0.6072309571439054;1.0;0.0;2.0
"1.0";0.7141624136542282;0.31332371025682443;1.0;0.0;2.0
"-1.0";0.3665712483540775;0.7548166161816001;0.0;2.0;5.0
"1.0";0.9695813684823267;0.7172258194817821;1.0;0.0;2.0
"1.0";0.853254713583272;0.8070263757588679;1.0;0.0;2.0
"1.0";0.063526768559586;0.44883976584743246;2.0;0.0;5.0
"-1.0";0.6297830467433089;0.7179106560635704;0.0;1.0;2.0
"1.0";0.087058003937792;0.9919776823137043;2.0;0.0;5.0
"-1.0";0.6262553127823479;0.6734997864574896;0.0;1.0;2.0
"1.0";0.05085090962298433;0.5280559483917677;2.0;0.0;5.0
"1.0";0.18326852205771219;0.19808787874681788;2.0;0.0;5.0
"1.0";0.9771274718874235;0.21651227517782512;1.0;0.0;2.0
"-1.0";0.41999892309799874;0.9887929986367692;0.0;2.0;5.0
"1.0";0.9571957435571717;0.33938395004256;1.0;0.0;2.0
"-1.0";0.6794272626954297;0.6881584997669064;0.0;1.0;2.0
"-1.0";0.6068576491709489;0.513253179498015;0.0;1.0;2.0
"1.0";0.665874447105599;0.031052436085682766;1.0;0.0;2.0
"-1.0";0.6781118848019791;0.8612416368594136;0.0;1.0;2.0
"1.0";0.9911520361049957;0.8950249660143741;1.0;0.0;2.0
"-1.0";0.2877003832054215;0.6265214338750095;0.0;2.0;5.0
"-1.0";0.5956822586969085;0.8333936401608986;0.0;1.0;2.0
"1.0";0.01116933938072316;0.2767536489539339;2.0;0.0;5.0
"1.0";0.8502789972506252;0.256703900031989;1.0;0.0;2.0
"1.0";0.23545060085218458;0.11039181031619995;2.0;0.0;5.0
"1.0";0.7320423467438806;0.07162394475314446;1.0;0.0;2.0
"-1.0";0.6466295933178439;0.7551176178659638;0.0;1.0;2.0
"-1.0";0.783894917116661;0.8834654570699113;0.0;1.0;2.0
"1.0";0.1468424251001386;0.46504074409388113;2.0;0.0;5.0
"1.0";0.9554578459203968;0.5914219773648639;1.0;0.0;2.0
"1.0";0.24123938567432013;0.40451502266394257;2.0;0.0;5.0
"1.0";0.9723893518486694;0.9247677321889229;1.0;0.0;2.0
"1.0";0.9098844903088519;0.6125447037146088;1.0;0.0;2.0
"-1.0";0.5774564399846838;0.4437463867663128;0.0;1.0;2.0
"1.0";0.08001640081041506;0.3241765157640686;2.0;0.0;5.0
"1.0";0.5092780825301236;0.11885932257806597;1.0;0.0;2.0
"-1.0";0.457522808520918;0.574392854677271;0.0;2.0;5.0
"-1.0";0.7878102367387744;0.7478320440547344;0.0;1.0;2.0
"-1.0";0.7509578303972321;0.6799741340916496;0.0;1.0;2.0
"1.0";0.4710316488216046;0.10825931817812307;2.0;0.0;5.0
"-1.0";0.7899904255853617;0.9197468867784243;0.0;1.0;2.0
"-1.0";0.5728527069367557;0.40485615730392793;0.0;1.0;2.0
"1.0";0.08003386839422194;0.9614917847603618;2.0;0.0;5.0
"-1.0";0.8022111662768552;0.9980726938839573;0.0;1.0;2.0
"1.0";0.937019577205062;0.34253550946332534;1.0;0.0;2.0
"1.0";0.6155288081696079;0.10683872259454431;1.0;0.0;2.0
"-1.0";0.2971986923537711;0.9174003329832349;0.0;2.0;5.0
"1.0";0.442666005099242;0.03192457455254333;2.0;0.0;5.0
"-1.0";0.6880570374374464;0.7954756663305445;0.0;1.0;2.0
"-1.0";0.3923589364867942;0.9980552721142557;0.0;2.0;5.0
"1.0";0.13984864462019814;0.6104681784373794;2.0;0.0;5.0
"-1.0";0.434001061305568;0.4630790353146631;0.0;2.0;5.0
"1.0";0.011534491556201513;0.814903603420824;2.0;0.0;5.0
"1.0";0.8719646386789967;0.7213760175908165;1.0;0.0;2.0
"-1.0";0.4626166269952119;0.41604249827279016;0.0;2.0;5.0
"1.0";0.5721157991686754;0.0036128318809121387;1.0;0.0;2.0
"-1.0";0.6254528584026261;0.8277256709751443;0.0;1.0;2.0
"-1.0";0.23156659838509466;0.9928728644979602;0.0;2.0;5.0
"-1.0";0.5751825393045796;0.982982608359445;0.0;1.0;2.0
"1.0";0.9009995030316101;0.7943055243525305;1.0;0.0;2.0
"1.0";0.020873224656224862;0.1477175799544979;2.0;0.0;5.0
"-1.0";0.590503153007938;0.5729729468998488;0.0;1.0;2.0
"1.0";0.10402603628928249;0.4819525405459132;2.0;0.0;5.0
"1.0";0.22516801278262794;0.15979919845244014;2.0;0.0;5.0
"1.0";0.20596027384877771;0.5543535558117323;2.0;0.0;5.0
"1.0";0.9544819863828199;0.3689348459220758;1.0;0.0;2.0
"-1.0";0.5459779560975881;0.7379574753702869;0.0;1.0;2.0
"-1.0";0.21104447984840932;0.8889761500335482;0.0;2.0;5.0
"1.0";0.0912445851240245;0.7891996698085134;2.0;0.0;5.0
"-1.0";0.6209240193534845;0.4709235051755535;0.0;1.0;2.0
"1.0";0.7896646089567577;0.44717109971753555;1.0;0.0;2.0
"1.0";0.8688386630166282;0.7980837655826012;1.0;0.0;2.0
"1.0";0.19418344243397542;0.4102157414405526;2.0;0.0;5.0
"1.0";0.0218657555799041;0.9133570698744574;2.0;0.0;5.0
"-1.0";0.6769625986058455;0.6152978681350992;0.0;1.0;2.0
"-1.0";0.6471860305076585;0.9199209605189705;0.0;1.0;2.0
"-1.0";0.6559915245930671;0.8535167173643277;0.0;1.0;2.0
"1.0";0.9059465632627033;0.06444520519038825;1.0;0.0;2.0
"1.0";0.12124129201589098;0.5083306240903394;2.0;0.0;5.0
"1.0";0.8613279129285565;0.8240276151705878;1.0;0.0;2.0
"-1.0";0.5275323894557499;0.5408418607176426;0.0;1.0;2.0
"1.0";0.23417326662902302;0.10881640330349945;2.0;0.0;5.0
"1.0";0.8961767577199912;0.1797853891656073;1.0;0.0;2.0
"1.0";0.12534584848675914;0.7869488648421423;2.0;0.0;5.0
"1.0";0.08629851433009476;0.8512714205117103;2.0;0.0;5.0
"1.0";0.8852317279609417;0.1679197557221045;1.0;0.0;2.0
"1.0";0.08451562014349943;0.9503695771517521;2.0;0.0;5.0
"-1.0";0.5256223507713151;0.9620487646749243;0.0;1.0;2.0
"1.0";0.9969559345130866;0.9093233438346335;1.0;0.0;2.0
"-1.0";0.5104746435370038;0.6081435669295444;0.0;1.0;2.0
"1.0";0.4161631075110545;0.19816794229089918;2.0;0.0;5.0
"1.0";0.695210141393482;0.237319326712218;1.0;0.0;2.0
"1.0";0.9557113767955289;0.55947300952069;1.0;0.0;2.0
"1.0";0.14970063546761064;0.029744145567502968;2.0;0.0;5.0
"1.0";0.5040449748595034;0.11981764497326808;1.0;0.0;2.0
"-1.0";0.7941101794543877;0.8023923768330744;0.0;1.0;2.0
"1.0";0.12199350898097382;0.8396405653206911;2.0;0.0;5.0
"1.0";0.7065869446567209;0.2868730000235199;1.0;0.0;2.0
"1.0";0.25646034222956354;0.2812954854201157;2.0;0.0;5.0
"1.0";0.04902328116684529;0.7402890885839862;2.0;0.0;5.0
"-1.0";0.23571618495210805;0.8861618223527435;0.0;2.0;5.0
"1.0";0.025602681270046126;0.500272502152835;2.0;0.0;5.0
"1.0";0.3924027723362169;0.17226667482351993;2.0;0.0;5.0
"1.0";0.18549814877342174;0.6114733041757253;2.0;0.0;5.0
"1.0";0.8831563376958579;0.7144498260394944;1.0;0.0;2.0
"1.0";0.3425057177390026;0.07644704592208151;2.0;0.0;5.0
"-1.0";0.5239332300647427;0.8502736709148992;0.0;1.0;2.0
"1.0";0.4139272950455331;0.02553572770579669;2.0;0.0;5.0
"-1.0";0.5856104161108973;0.8801914279407826;0.0;1.0;2.0
"1.0";0.7959238343106511;0.10312992850101901;1.0;0.0;2.0
"1.0";0.09200676368095496;0.4878053475832882;2.0;0.0;5.0
"1.0";0.09031206759078415;0.004965009363275885;2.0;0.0;5.0
"1.0";0.025223644192117485;0.20763239828625496;2.0;0.0;5.0
"1.0";0.2726162217885097;0.4225548453328243;2.0;0.0;5.0
"-1.0";0.5598697813704693;0.42689344592464895;0.0;1.0;2.0
"1.0";0.7620823821285554;0.14258984836222294;1.0;0.0;2.0
"1.0";0.5066620806470917;0.16536911942662852;1.0;0.0;2.0
"1.0";0.7654906675675828;0.2568036890865114;1.0;0.0;2.0
"1.0";0.7562995492991433;0.3663755694505158;1.0;0.0;2.0
"1.0";0.2917961737004372;0.3809795598128569;2.0;0.0;5.0
"-1.0";0.645907096752876;0.5484011482741614;0.0;1.0;2.0
"1.0";0.841515592228351;0.24917664918055732;1.0;0.0;2.0
"1.0";0.69074359095681;0.23543028981603917;1.0;0.0;2.0
"1.0";0.034020676586174504;0.7774071887313518;2.0;0.0;5.0
"1.0";0.07054731947527407;0.19430793250907558;2.0;0.0;5.0
"1.0";0.9329561032239776;0.42691748869624163;1.0;0.0;2.0
"1.0";0.6030692637630244;0.0167726302302976;1.0;0.0;2.0
"-1.0";0.577858506149521;0.4835589239990845;0.0;1.0;2.0
"-1.0";0.3219332533946787;0.7866561205809419;0.0;2.0;5.0
"1.0";0.5401267812106235;0.10305250895037774;1.0;0.0;2.0
"1.0";0.25623568198149893;0.33465871904823685;2.0;0.0;5.0
"1.0";0.6013937252419963;0.05554448013161461;1.0;0.0;2.0
"-1.0";0.5361995319344428;0.5382531121872397;0.0;1.0;2.0
"1.0";0.0622358995550118;0.26349815202821425;2.0;0.0;5.0
"-1.0";0.4508874798497401;0.4363137914777084;0.0;2.0;5.0
"-1.0";0.23905732794991336;0.7725916590199758;0.0;2.0;5.0
"1.0";0.44175111656109717;0.022861410580525193;2.0;0.0;5.0
"1.0";0.02552897870515037;0.9382761255204789;2.0;0.0;5.0
"1.0";0.9947078327251228;0.5177013561275986;1.0;0.0;2.0
"1.0";0.12214468392800742;0.7461864882069352;2.0;0.0;5.0
"-1.0";0.5093332904979664;0.7741114949591646;0.0;1.0;2.0
"1.0";0.9015291763267793;0.31576867282104243;1.0;0.0;2.0
"-1.0";0.6963179910948756;0.737752212507748;0.0;1.0;2.0
"1.0";0.3646568476728981;0.0313190452214091;2.0;0.0;5.0
"-1.0";0.6371424222266496;0.5351718887628948;0.0;1.0;2.0
"-1.0";0.5073159193444755;0.97282406988669;0.0;1.0;2.0
"1.0";0.9986749769538756;0.008842624752549062;1.0;0.0;2.0
"1.0";0.9229508499148672;0.495292684667159;1.0;0.0;2.0
"1.0";0.9678356339944338;0.9954502322746522;1.0;0.0;2.0
"-1.0";0.7554685833617382;0.6852131396964146;0.0;1.0;2.0
"-1.0";0.712667055153188;0.7913565649939036;0.0;1.0;2.0
"-1.0";0.2518231925198884;0.8894668308484462;0.0;2.0;5.0
"1.0";0.48154325843177276;0.00171301614351917;2.0;0.0;5.0
"-1.0";0.1877883045914843;0.9306528303850032;0.0;2.0;5.0
"1.0";0.28805354818162865;0.31414122352719775;2.0;0.0;5.0
"1.0";0.7455649680968044;0.013181722269223558;1.0;0.0;2.0
"-1.0";0.8649542651601616;0.9976428231758909;0.0;1.0;2.0
"1.0";0.9705739830800599;0.623234821433603;1.0;0.0;2.0
"1.0";0.7371740880458214;0.1044841373235435;1.0;0.0;2.0
"1.0";0.40914072753955893;0.20640903367931043;2.0;0.0;5.0
"-1.0";0.49216898916644236;0.3650073984010725;0.0;2.0;5.0
"1.0";0.14964074812442324;0.4807271755951717;2.0;0.0;5.0
"1.0";0.2698838015796936;0.06501593797705545;2.0;0.0;5.0
"-1.0";0.24575723129713398;0.7899710194182203;0.0;2.0;5.0
"1.0";0.06431612629915943;0.3343246378075945;2.0;0.0;5.0
"1.0";0.9584266717310965;0.5958643428338039;1.0;0.0;2.0
"-1.0";0.3294522772884987;0.5061656866620873;0.0;2.0;5.0
"1.0";0.8998996232503731;0.9147829417638732;1.0;0.0;2.0
"1.0";0.5740331824114783;0.08794522380184751;1.0;0.0;2.0
"-1.0";0.6298376231818863;0.5580325325810415;0.0;1.0;2.0
"-1.0";0.3434062245936073;0.7846198972634143;0.0;2.0;5.0
"-1.0";0.3539992621504068;0.5152142680264659;0.0;2.0;5.0
"-1.0";0.5624351046419638;0.8572318966485494;0.0;1.0;2.0
"-1.0";0.7783803306993289;1.0;0.0;1.0;2.0
"1.0";0.23693280373670517;0.4320270376623074;2.0;0.0;5.0
"1.0";0.8085338205720571;0.3953840142581829;1.0;0.0;2.0
"-1.0";0.25004335223894314;0.8771566130391889;0.0;2.0;5.0
"1.0";0.8622461686870493;0.7373715935378636;1.0;0.0;2.0
"1.0";0.10975675023343419;0.7438908472006492;2.0;0.0;5.0
"1.0";0.8424036680950342;0.7258676023974633;1.0;0.0;2.0
"-1.0";0.37907454248634187;0.6074877619276108;0.0;2.0;5.0
"-1.0";0.4303307139313181;0.7644852088790983;0.0;2.0;5.0
"1.0";0.7260685214814908;0.12884623526983585;1.0;0.0;2.0
"-1.0";0.28679128336592064;0.9200317285247275;0.0;2.0;5.0
"1.0";0.9612219453756927;0.30481341425254516;1.0;0.0;2.0
"-1.0";0.7137727218694883;0.8392755539142772;0.0;1.0;2.0
"-1.0";0.20587429351613945;0.7584846477129646;0.0;2.0;5.0
"1.0";0.7975106264713968;0.4045596548920746;1.0;0.0;2.0
"1.0";0.09107458062623894;0.4567300078133713;2.0;0.0;5.0
"-1.0";0.5657925401222944;0.4183803705379002;0.0;1.0;2.0
"-1.0";0.3002805285584342;0.6798012159161634;0.0;2.0;5.0
"1.0";0.2550551670129444;0.33580997453603;2.0;0.0;5.0
"1.0";0.012884849337934047;0.6419518537569603;2.0;0.0;5.0
"1.0";0.9776638835606659;0.4325540004596218;1.0;0.0;2.0
"-1.0";0.41900182850820167;0.900297971944961;0.0;2.0;5.0
"1.0";0.828282912198648;0.3986113841970877;1.0;0.0;2.0
"1.0";0.03320945309916549;0.7031057687220424;2.0;0.0;5.0
"1.0";0.09531537601141458;0.3228668546155763;2.0;0.0;5.0
"-1.0";0.6620355032007265;0.8518135309214954;0.0;1.0;2.0
"-1.0";0.28959518105747584;0.7336390415289897;0.0;2.0;5.0
"1.0";0.31284141734060006;0.15049614488843352;2.0;0.0;5.0
"1.0";0.6515777176322427;0.16328929893736757;1.0;0.0;2.0
"1.0";0.16379018838169096;0.04150132821095548;2.0;0.0;5.0
"1.0";0.7263790065557071;0.22685604731522216;1.0;0.0;2.0
"1.0";0.2972297109451469;0.0168811329908637;2.0;0.0;5.0
"1.0";0.08847968024643342;0.21290934233344178;2.0;0.0;5.0
"-1.0";0.35980953885883893;0.9415092781121248;0.0;2.0;5.0
"-1.0";0.7710505820360243;0.8747365486508915;0.0;1.0;2.0
"1.0";0.8018191598485738;0.23165611017966756;1.0;0.0;2.0
"1.0";0.9569651056804388;0.7434586502384167;1.0;0.0;2.0
"-1.0";0.40772515453429375;0.6525357451923295;0.0;2.0;5.0
"1.0";0.1010160469634471;0.8256559197063986;2.0;0.0;5.0
"-1.0";0.5473137238515748;0.6516557994852739;0.0;1.0;2.0
"1.0";0.009534637144056592;0.947455822707787;2.0;0.0;5.0
"-1.0";0.4640016969651772;0.9102274328030157;0.0;2.0;5.0
"1.0";0.8547161404736052;0.5721387964748106;1.0;0.0;2.0
"1.0";0.08515799827745545;0.2815007871409716;2.0;0.0;5.0
"-1.0";0.35840626303460094;0.4885187431715766;0.0;2.0;5.0
"-1.0";0.467730599278618;0.8753855720985982;0.0;2.0;5.0
"1.0";0.3162948235916988;0.15308308913689725;2.0;0.0;5.0
"1.0";0.3195692094242713;0.02627912027820432;2.0;0.0;5.0
"-1.0";0.353470270876419;0.4258018738876265;0.0;2.0;5.0
"1.0";0.1220963077799035;0.16089159988306595;2.0;0.0;5.0
"-1.0";0.36331053618573517;0.822865606002198;0.0;2.0;5.0
"1.0";0.1754900211315578;0.3086712662782712;2.0;0.0;5.0
"1.0";0.06439768764230179;0.9065230887818396;2.0;0.0;5.0
"-1.0";0.21056853971726536;0.7910803354912413;0.0;2.0;5.0
"1.0";0.12333207135183819;0.2627837545436753;2.0;0.0;5.0
"1.0";0.03786148217248411;0.8192768885467633;2.0;0.0;5.0
"1.0";0.7339856348949694;0.2715386391708538;1.0;0.0;2.0
"-1.0";0.6011398402323407;0.44046419071567117;0.0;1.0;2.0
"1.0";0.13122361647046743;0.6874077054757225;2.0;0.0;5.0
"-1.0";0.293033431933374;0.5516553375474961;0.0;2.0;5.0
"1.0";0.09840903009545787;0.8125301555820866;2.0;0.0;5.0
"-1.0";0.6319647362812877;0.7783162138183036;0.0;1.0;2.0
"1.0";0.6966564586148182;0.23698318250954167;1.0;0.0;2.0
"1.0";0.047887917395270437;0.8220569273752363;2.0;0.0;5.0
"1.0";0.8872707606568897;0.5119240805058597;1.0;0.0;2.0
"1.0";0.124505332419312;0.7723459795167986;2.0;0.0;5.0
"1.0";0.8434138180380756;0.3381979320851048;1.0;0.0;2.0
"1.0";0.0;0.17854621986569716;2.0;0.0;5.0
"-1.0";0.8039867714396639;0.8209842429799484;0.0;1.0;2.0
"-1.0";0.6433484179885883;0.5455429737147293;0.0;1.0;2.0
"-1.0";0.701575136734615;0.6601523863189076;0.0;1.0;2.0
"1.0";0.043336739026411934;0.44949696123330835;2.0;0.0;5.0
"1.0";0.0668092635692227;0.014139283565040284;2.0;0.0;5.0
"1.0";0.997881971010211;0.09968248961150951;1.0;0.0;2.0
"1.0";0.921765429264894;0.046790876424377764;1.0;0.0;2.0
"-1.0";0.7132522412721994;0.6911443306919831;0.0;1.0;2.0
"-1.0";0.28412011343992694;0.7061860028115409;0.0;2.0;5.0
"-1.0";0.5908482872400193;0.5981075173268541;0.0;1.0;2.0
"1.0";0.9937092225964915;0.6135948952883948;1.0;0.0;2.0
"1.0";0.39918754452659894;0.07737426855291993;2.0;0.0;5.0
"1.0";0.5407999497926687;0.06145024277122616;1.0;0.0;2.0
"-1.0";0.28777193260101247;0.564358806572495;0.0;2.0;5.0
"1.0";0.7911170947223655;0.5025869712839353;1.0;0.0;2.0
"-1.0";0.4548439960546231;0.5588332330528131;0.0;2.0;5.0
"1.0";0.30912942990325215;0.12419799213435842;2.0;0.0;5.0
"1.0";0.24224926753765968;0.49741500288827534;2.0;0.0;5.0
"1.0";0.029080331450685518;0.25142291978975767;2.0;0.0;5.0
"-1.0";0.5388720089989986;0.7880020359450541;0.0;1.0;2.0
"1.0";0.04323900432613707;0.614162845979237;2.0;0.0;5.0
"-1.0";0.5178879987573664;0.8622297706881651;0.0;1.0;2.0
"-1.0";0.4676339896106736;0.590296964287162;0.0;2.0;5.0
"-1.0";0.6332799406065712;0.7119464594245593;0.0;1.0;2.0
"-1.0";0.7170557575320894;0.625866078513865;0.0;1.0;2.0
"1.0";0.014660077377515303;0.9073267187939982;2.0;0.0;5.0
"1.0";0.14706548054525345;0.1847308197138149;2.0;0.0;5.0
"-1.0";0.393526306826722;0.45654653677156104;0.0;2.0;5.0
"1.0";0.3513672072526184;0.2105396653629921;2.0;0.0;5.0
"1.0";0.1440321908613637;0.13894791800603953;2.0;0.0;5.0
"-1.0";0.7170501387579143;0.8688287308797501;0.0;1.0;2.0
"-1.0";0.44522579099612736;0.3471399233804625;0.0;2.0;5.0
"1.0";0.9433067076798637;0.18369690985507953;1.0;0.0;2.0
"1.0";0.8821221886192379;0.10809378269273284;1.0;0.0;2.0
"-1.0";0.3729492431871696;0.8111940867430977;0.0;2.0;5.0
"1.0";0.3587698601241603;0.09510433444484206;2.0;0.0;5.0
"-1.0";0.4004074986438839;0.7866994262354295;0.0;2.0;5.0
"1.0";0.223112758049473;0.07402911602778083;2.0;0.0;5.0
"1.0";0.8261205037085634;0.6959391142826896;1.0;0.0;2.0
"-1.0";0.5722275415829855;0.6286841879190039;0.0;1.0;2.0
"-1.0";0.7401382133776913;0.970327309026191;0.0;1.0;2.0
"-1.0";0.4461333692956419;0.36539429013398017;0.0;2.0;5.0
"1.0";0.06335060756845702;0.8106634605180515;2.0;0.0;5.0
"1.0";0.34111647973265624;0.14474320124170076;2.0;0.0;5.0
"1.0";0.9808655975149405;0.5702652881759729;1.0;0.0;2.0
"1.0";0.007831905337991977;0.23887367980181937;2.0;0.0;5.0
"1.0";0.7487965903676288;0.2798133725337865;1.0;0.0;2.0
"-1.0";0.6965849733663747;0.9138122430544877;0.0;1.0;2.0
"1.0";0.7018771187028847;0.29724786875465303;1.0;0.0;2.0
"1.0";0.06287764753680948;0.0;2.0;0.0;5.0
"-1.0";0.4456645562562583;0.7426412487231665;0.0;2.0;5.0
"1.0";0.8321405176597538;0.06557986852487259;1.0;0.0;2.0
"1.0";0.7522427002115215;0.20560862947706443;1.0;0.0;2.0
"1.0";0.01564172251262064;0.7600475326926422;2.0;0.0;5.0
"-1.0";0.45614456666707237;0.8230738604763881;0.0;2.0;5.0
"1.0";0.8784890671886675;0.3237843392930233;1.0;0.0;2.0
"1.0";0.10609486959765638;0.24413326246919437;2.0;0.0;5.0
"1.0";0.6285198206140481;0.01569292176352837;1.0;0.0;2.0
"1.0";0.6321551648089918;0.2531882879558326;1.0;0.0;2.0
"1.0";0.9504935230174497;0.5620098218282712;1.0;0.0;2.0
"-1.0";0.4843295363720208;0.4404137239043154;0.0;2.0;5.0
"-1.0";0.767188377973325;0.8382405859863952;0.0;1.0;2.0
"1.0";0.041081967527211535;0.5438788638081197;2.0;0.0;5.0
"-1.0";0.4264528571553065;0.47354527529299983;0.0;2.0;5.0
"1.0";0.7744311229578529;0.2857172822285935;1.0;0.0;2.0
"-1.0";0.33633466273934925;0.9371134278546367;0.0;2.0;5.0
"1.0";0.14983158013918293;0.06889534166186803;2.0;0.0;5.0
"-1.0";0.3498986199891597;0.8109622635685021;0.0;2.0;5.0
"1.0";0.04746864021151215;0.028976715637268287;2.0;0.0;5.0
"1.0";0.9442145433593334;0.5066167137479335;1.0;0.0;2.0
"-1.0";0.7122764543117177;0.9744757298593384;0.0;1.0;2.0
"1.0";0.10337077790081459;0.5156719849592454;2.0;0.0;5.0
"-1.0";0.5514886250282169;0.7850930209828542;0.0;1.0;2.0
"-1.0";0.8160942127548123;0.9996437751273931;0.0;1.0;2.0
"1.0";0.024382958301600036;0.5924567860873019;2.0;0.0;5.0
"-1.0";0.3385344376702571;0.7106301725617106;0.0;2.0;5.0
"-1.0";0.6543117423379107;0.8803276688638585;0.0;1.0;2.0
"-1.0";0.6666194973528277;0.8272154780770391;0.0;1.0;2.0
"-1.0";0.38211206238170053;0.43667874718713345;0.0;2.0;5.0
"1.0";0.9209768671462488;0.6022550866598064;1.0;0.0;2.0
"-1.0";0.5970226007355187;0.8939352518706692;0.0;1.0;2.0
"1.0";0.022392231853140824;0.9907016585467366;2.0;0.0;5.0
"1.0";0.8175377655676548;0.09393911971490498;1.0;0.0;2.0
"1.0";0.03550788932144888;0.03319590311487948;2.0;0.0;5.0
"1.0";0.47335229167468323;0.021681170396191943;2.0;0.0;5.0
"-1.0";0.6460590136752398;0.960548862665233;0.0;1.0;2.0
"1.0";0.9821324927070206;0.6849679376594552;1.0;0.0;2.0
"-1.0";0.4075835103170923;0.7866039925452515;0.0;2.0;5.0
"-1.0";0.5469078626496274;0.8765603764172809;0.0;1.0;2.0
"1.0";0.19134791822606384;0.2029410406662007;2.0;0.0;5.0
"1.0";0.027818638390138;0.8012697313718333;2.0;0.0;5.0
"1.0";0.5329691316374829;0.15854263989913894;1.0;0.0;2.0
"1.0";0.8568231956645975;0.3639049683164382;1.0;0.0;2.0
"-1.0";0.6904260557038268;0.519607626749287;0.0;1.0;2.0
"-1.0";0.5578097147632567;0.36103374856614184;0.0;1.0;2.0
"1.0";0.9533544249529801;0.4079573811742768;1.0;0.0;2.0
"1.0";0.973301116363297;0.13542032892348863;1.0;0.0;2.0
"-1.0";0.778726526720527;0.9170748988036179;0.0;1.0;2.0
"-1.0";0.5467384932770418;0.4207751212361091;0.0;1.0;2.0
"1.0";0.9644011041093773;0.16160420365862674;1.0;0.0;2.0
"-1.0";0.8010229040158814;0.9337725285522899;0.0;1.0;2.0
"1.0";0.1519555877914298;0.4691594608486315;2.0;0.0;5.0
"-1.0";0.5345419176764564;0.826256096060506;0.0;1.0;2.0
"1.0";0.8237112356913427;0.6228321631293194;1.0;0.0;2.0
"1.0";0.6413659036960161;0.21198903241614417;1.0;0.0;2.0
"1.0";0.08882930333152499;0.6375685418170217;2.0;0.0;5.0
"-1.0";0.49170492274078104;0.6922947115705106;0.0;2.0;5.0
"-1.0";0.5281103925512269;0.8037061250014127;0.0;1.0;2.0
"-1.0";0.6638990571333844;0.6605961630943513;0.0;1.0;2.0
"1.0";0.731697735116545;0.13661913793249497;1.0;0.0;2.0
"1.0";0.9641902373456253;0.9835505397589694;1.0;0.0;2.0
"-1.0";0.13999750905403713;0.9703073995080193;0.0;2.0;5.0
"-1.0";0.8173997215055657;0.9628324832102236;0.0;1.0;2.0
"-1.0";0.710731102835425;0.6725850528617537;0.0;1.0;2.0
"-1.0";0.2605230736341103;0.9340106151874841;0.0;2.0;5.0
"1.0";0.06334385592289403;0.7003575163459765;2.0;0.0;5.0
"-1.0";0.36480575775253987;0.543276394780752;0.0;2.0;5.0
"-1.0";0.3439910267387478;0.5669970507266491;0.0;2.0;5.0
"1.0";0.6181673429124228;0.2383790810545509;1.0;0.0;2.0
"1.0";0.09652091175509642;0.9438947844168193;2.0;0.0;5.0
"1.0";0.6892838755702649;0.22523442621663428;1.0;0.0;2.0
"-1.0";0.5359089299364214;0.8276726499553942;0.0;1.0;2.0
"1.0";0.6725136389559736;0.11613616213523992;1.0;0.0;2.0
"-1.0";0.4357602473600357;0.9330659084904313;0.0;2.0;5.0
"1.0";0.8673806221290759;0.1171592724843128;1.0;0.0;2.0
"-1.0";0.43590202479920626;0.43475203371922744;0.0;2.0;5.0
"1.0";0.934322871031592;0.25235485863897045;1.0;0.0;2.0
"1.0";0.8469236176911844;0.4371537261324615;1.0;0.0;2.0
"-1.0";0.6706129734071145;0.665969267798946;0.0;1.0;2.0
"1.0";0.41438337335924147;0.010447075169335544;2.0;0.0;5.0
"1.0";0.2525504676886776;0.4695135859480439;2.0;0.0;5.0
"1.0";0.11658196033974216;0.3912297627377563;2.0;0.0;5.0
"1.0";0.18446154827820546;0.5296272914945326;2.0;0.0;5.0
"-1.0";0.7046507749296239;0.538416339911873;0.0;1.0;2.0
"1.0";0.9018546608733802;0.0448588054448261;1.0;0.0;2.0
"-1.0";0.49368115419288006;0.3508008352414809;0.0;2.0;5.0
"1.0";0.7472964247230812;0.22876365543462024;1.0;0.0;2.0
"1.0";0.1572519891979;0.1667306338605168;2.0;0.0;5.0
"-1.0";0.6916376057264632;0.9117427757910935;0.0;1.0;2.0
"1.0";0.19446564102682207;0.05911930395377385;2.0;0.0;5.0
"1.0";0.9971172659019727;0.7505378427696484;1.0;0.0;2.0
"-1.0";0.1798600238969501;0.9753931203047774;0.0;2.0;5.0
"-1.0";0.2011729052932382;0.8149843855311263;0.0;2.0;5.0
"-1.0";0.37458934472218847;0.9636013064807888;0.0;2.0;5.0
"-1.0";0.6005913112168629;0.7661800969999054;0.0;1.0;2.0
"-1.0";0.19937648377223727;0.7881326692153733;0.0;2.0;5.0
"-1.0";0.6006993215644159;0.5565120899229354;0.0;1.0;2.0
"1.0";0.06225125214762845;0.13835489744440785;2.0;0.0;5.0
"1.0";0.9007618814868641;0.018408286726857216;1.0;0.0;2.0
"1.0";0.29630700985495995;0.05256402833142752;2.0;0.0;5.0
"1.0";0.7849518900396313;0.40000356032130324;1.0;0.0;2.0
"1.0";0.27744274114150697;0.20099436098999415;2.0;0.0;5.0
"1.0";0.971931275944047;0.8998147723419923;1.0;0.0;2.0
"1.0";0.2667385066559705;0.0670596090397368;2.0;0.0;5.0
"1.0";0.7476754217604646;0.2157855047571275;1.0;0.0;2.0
"-1.0";0.45764451374082926;0.39570061250742616;0.0;2.0;5.0
"-1.0";0.5100349778352763;0.9453138673587594;0.0;1.0;2.0
"1.0";0.9368764710734204;0.7516366800220994;1.0;0.0;2.0
"1.0";0.4121911191199321;0.05828073975042668;2.0;0.0;5.0
"1.0";0.8185536323295864;0.386875143756608;1.0;0.0;2.0
"-1.0";0.16432504660222422;0.8806919839518438;0.0;2.0;5.0
"1.0";0.6912674706931672;0.2879843642794267;1.0;0.0;2.0
"-1.0";0.37010143419882585;0.5431912244996606;0.0;2.0;5.0
"-1.0";0.36198373239948967;0.9140967323369421;0.0;2.0;5.0
"1.0";0.9499858856723933;0.20900702016984826;1.0;0.0;2.0
"1.0";0.9262684160375227;0.20308179761917075;1.0;0.0;2.0
"-1.0";0.4984670456120297;0.49522127965446966;0.0;1.0;2.0
"1.0";0.03441127651747856;0.42813605004974287;2.0;0.0;5.0
"-1.0";0.7054909520235783;0.8535175165795758;0.0;1.0;2.0
"1.0";0.2909820290220653;0.26610391200191835;2.0;0.0;5.0
"-1.0";0.8299854418301797;0.8696042480757223;0.0;1.0;2.0
